{"global_step": 996528, "_timestamp": 1673036809.044704, "rollout/ep_len_mean": 1597.0, "rollout/ep_rew_mean": 1044.141845703125, "rollout/exploration_rate": 0.05000000074505806, "time/fps": 4168.0, "_runtime": 242.38556003570557, "_step": 155, "train/learning_rate": 9.999999747378752e-05, "train/loss": 3574.99609375, "_wandb": {"runtime": 242}}