{"global_step": 1000000, "_timestamp": 1672867251.552484, "time/fps": 2814.0, "train/entropy_loss": -5.618716841127025e-06, "train/explained_variance": -671907.0, "train/learning_rate": 0.000699999975040555, "train/policy_loss": 1.765867452263592e-09, "train/value_loss": 0.0001408070675097406, "_runtime": 358.1544511318207, "_step": 1999, "_wandb": {"runtime": 357}}