{"global_step": 997400, "_timestamp": 1673036527.642842, "rollout/exploration_rate": 0.05000000074505806, "time/fps": 4280.0, "_runtime": 236.9983880519867, "_step": 49, "train/learning_rate": 9.999999747378752e-05, "train/loss": 11381.21875, "_wandb": {"runtime": 236}}