{"global_step": 1001472, "_timestamp": 1672867679.558273, "time/fps": 3123.0, "_runtime": 323.4486680030823, "_step": 488, "train/approx_kl": 0.007502791006118059, "train/clip_fraction": 0.03071289137005806, "train/clip_range": 0.20000000298023224, "train/entropy_loss": -0.02861039713025093, "train/explained_variance": 0.9888110160827637, "train/learning_rate": 0.0003000000142492354, "train/loss": 2.273658275604248, "train/policy_gradient_loss": -0.0021291039884090424, "train/value_loss": 6.554360866546631, "_wandb": {"runtime": 323}}