{"global_step": 1001472, "_timestamp": 1673036017.039201, "time/fps": 3182.0, "_runtime": 317.69456696510315, "_step": 488, "train/approx_kl": 0.010165421292185783, "train/clip_fraction": 0.07504882663488388, "train/clip_range": 0.20000000298023224, "train/entropy_loss": -0.20592592656612396, "train/explained_variance": -0.29060065746307373, "train/learning_rate": 0.0003000000142492354, "train/loss": 7.898806571960449, "train/policy_gradient_loss": -0.011683592572808266, "train/value_loss": 16.820270538330078, "_wandb": {"runtime": 317}}